{"properties": [
  {
    "name": "upload.path",
    "type": "java.lang.String",
    "description": "A description for 'upload.path'"
  },
  {
    "name": "upload.path",
    "type": "java.lang.String",
    "description": "A description for 'upload.path'"
  },
  {
    "name": "upload.path",
    "type": "java.lang.String",
    "description": "A description for 'upload.path'"
  },
  {
    "name": "upload.path",
    "type": "java.lang.String",
    "description": "A description for 'upload.path'"
  },
  {
    "name": "upload.path",
    "type": "java.lang.String",
    "description": "A description for 'upload.path'"
  }
]}